,id,full_name,first_name,last_name,is_active
0,1630173,Precious Achiuwa,Precious,Achiuwa,True
1,203500,Steven Adams,Steven,Adams,True
2,1628389,Bam Adebayo,Bam,Adebayo,True
3,1630534,Ochai Agbaji,Ochai,Agbaji,True
4,1630583,Santi Aldama,Santi,Aldama,True
5,1641725,Trey Alexander,Trey,Alexander,True
6,1629638,Nickeil Alexander-Walker,Nickeil,Alexander-Walker,True
7,1628960,Grayson Allen,Grayson,Allen,True
8,1628386,Jarrett Allen,Jarrett,Allen,True
9,1630631,Jose Alvarado,Jose,Alvarado,True
10,203937,Kyle Anderson,Kyle,Anderson,True
11,1630828,Alex Antetokounmpo,Alex,Antetokounmpo,True
12,203507,Giannis Antetokounmpo,Giannis,Antetokounmpo,True
13,203648,Thanasis Antetokounmpo,Thanasis,Antetokounmpo,True
14,1630175,Cole Anthony,Cole,Anthony,True
15,1628384,OG Anunoby,OG,Anunoby,True
16,1630166,Deni Avdija,Deni,Avdija,True
17,1629028,Deandre Ayton,Deandre,Ayton,True
18,1628963,Marvin Bagley III,Marvin,Bagley III,True
19,1642846,Ace Bailey,Ace,Bailey,True
20,1630163,LaMelo Ball,LaMelo,Ball,True
21,1628366,Lonzo Ball,Lonzo,Ball,True
22,1631094,Paolo Banchero,Paolo,Banchero,True
23,1630217,Desmond Bane,Desmond,Bane,True
24,1631230,Dominick Barlow,Dominick,Barlow,True
25,203084,Harrison Barnes,Harrison,Barnes,True
26,1630567,Scottie Barnes,Scottie,Barnes,True
27,1642964,Brooks Barnhizer,Brooks,Barnhizer,True
28,1629628,RJ Barrett,RJ,Barrett,True
29,1629646,Charles Bassey,Charles,Bassey,True
30,1642926,Tamar Bates,Tamar,Bates,True
31,1642419,Jamison Battle,Jamison,Battle,True
32,201587,Nicolas Batum,Nicolas,Batum,True
33,203078,Bradley Beal,Bradley,Beal,True
34,1642866,Joan Beringer,Joan,Beringer,True
35,1630180,Saddiq Bey,Saddiq,Bey,True
36,1629048,Goga Bitadze,Goga,Bitadze,True
37,202687,Bismack Biyombo,Bismack,Biyombo,True
38,1641710,Anthony Black,Anthony,Black,True
39,203992,Bogdan Bogdanović,Bogdan,Bogdanović,True
40,1641737,Adem Bona,Adem,Bona,True
41,1626164,Devin Booker,Devin,Booker,True
42,1628449,Chris Boucher,Chris,Boucher,True
43,1628396,Tony Bradley,Tony,Bradley,True
44,1631103,Malaki Branham,Malaki,Branham,True
45,1631128,Christian Braun,Christian,Braun,True
46,1642886,Koby Brea,Koby,Brea,True
47,1628969,Mikal Bridges,Mikal,Bridges,True
48,1628970,Miles Bridges,Miles,Bridges,True
49,1628415,Dillon Brooks,Dillon,Brooks,True
50,1641780,Johni Broome,Johni,Broome,True
51,1628971,Bruce Brown,Bruce,Brown,True
52,1627759,Jaylen Brown,Jaylen,Brown,True
53,1641738,Kobe Brown,Kobe,Brown,True
54,1628973,Jalen Brunson,Jalen,Brunson,True
55,1642868,Carter Bryant,Carter,Bryant,True
56,1628418,Thomas Bryant,Thomas,Bryant,True
57,202710,Jimmy Butler III,Jimmy,Butler III,True
58,1641824,Matas Buzelis,Matas,Buzelis,True
59,1631288,Jamal Cain,Jamal,Cain,True
60,203484,Kentavious Caldwell-Pope,Kentavious,Caldwell-Pope,True
61,1641739,Toumani Camara,Toumani,Camara,True
62,203991,Clint Capela,Clint,Capela,True
63,1642928,Dylan Cardwell,Dylan,Cardwell,True
64,1642382,Branden Carlson,Branden,Carlson,True
65,1642267,Bub Carrington,Bub,Carrington,True
66,1642269,Devin Carter,Devin,Carter,True
67,1628975,Jevon Carter,Jevon,Carter,True
68,1628976,Wendell Carter Jr.,Wendell,Carter Jr.,True
69,1627936,Alex Caruso,Alex,Caruso,True
70,1642264,Stephon Castle,Stephon,Castle,True
71,1630658,Colin Castleton,Colin,Castleton,True
72,1630577,Julian Champagnie,Julian,Champagnie,True
73,1630551,Justin Champagnie,Justin,Champagnie,True
74,1642353,Cam Christie,Cam,Christie,True
75,1631108,Max Christie,Max,Christie,True
76,1630619,Moussa Cisse,Moussa,Cisse,True
77,1631321,Sidy Cissoko,Sidy,Cissoko,True
78,1641740,Jaylen Clark,Jaylen,Clark,True
79,1629634,Brandon Clarke,Brandon,Clarke,True
80,203903,Jordan Clarkson,Jordan,Clarkson,True
81,1629651,Nic Claxton,Nic,Claxton,True
82,1642383,Walter Clayton Jr.,Walter,Clayton Jr.,True
83,1642363,Nique Clifford,Nique,Clifford,True
84,1642270,Donovan Clingan,Donovan,Clingan,True
85,1641730,Noah Clowney,Noah,Clowney,True
86,1629599,Amir Coffey,Amir,Coffey,True
87,1642268,Isaiah Collier,Isaiah,Collier,True
88,1628381,John Collins,John,Collins,True
89,1628380,Zach Collins,Zach,Collins,True
90,201144,Mike Conley,Mike,Conley,True
91,1626192,Pat Connaughton,Pat,Connaughton,True
92,1631451,Javonte Cooke,Javonte,Cooke,True
93,1630536,Sharife Cooper,Sharife,Cooper,True
94,1641731,Bilal Coulibaly,Bilal,Coulibaly,True
95,1642907,Cedric Coward,Cedric,Coward,True
96,1642384,Isaiah Crawford,Isaiah,Crawford,True
97,1630595,Cade Cunningham,Cade,Cunningham,True
98,201939,Stephen Curry,Stephen,Curry,True
99,1642359,Pacôme Dadiet,Pacôme,Dadiet,True
100,1630700,Dyson Daniels,Dyson,Daniels,True
101,1642368,N'Faly Dante,N'Faly,Dante,True
102,203076,Anthony Davis,Anthony,Davis,True
103,1631120,JD Davison,JD,Davison,True
104,201942,DeMar DeRozan,DeMar,DeRozan,True
105,1642484,RayJ Dennis,RayJ,Dennis,True
106,1628978,Donte DiVincenzo,Donte,DiVincenzo,True
107,1631217,Moussa Diabaté,Moussa,Diabaté,True
108,1642885,Mohamed Diawara,Mohamed,Diawara,True
109,1641711,Gradey Dick,Gradey,Dick,True
110,1630621,Hunter Dickinson,Hunter,Dickinson,True
111,1631172,Ousmane Dieng,Ousmane,Dieng,True
112,1642265,Rob Dillingham,Rob,Dillingham,True
113,1629029,Luka Dončić,Luka,Dončić,True
114,1629652,Luguentz Dort,Luguentz,Dort,True
115,1630245,Ayo Dosunmu,Ayo,Dosunmu,True
116,203083,Andre Drummond,Andre,Drummond,True
117,1627739,Kris Dunn,Kris,Dunn,True
118,1642346,Ryan Dunn,Ryan,Dunn,True
119,201142,Kevin Durant,Kevin,Durant,True
120,1631105,Jalen Duren,Jalen,Duren,True
121,1642856,Egor Dëmin,Egor,Dëmin,True
122,1631106,Tari Eason,Tari,Eason,True
123,1641744,Zach Edey,Zach,Edey,True
124,1642845,VJ Edgecombe,VJ,Edgecombe,True
125,1630162,Anthony Edwards,Anthony,Edwards,True
126,1642348,Justin Edwards,Justin,Edwards,True
127,1631165,Keon Ellis,Keon,Ellis,True
128,203954,Joel Embiid,Joel,Embiid,True
129,1642855,Noa Essengue,Noa,Essengue,True
130,1630623,Tyson Etienne,Tyson,Etienne,True
131,1629234,Drew Eubanks,Drew,Eubanks,True
132,1641787,Tosan Evbuomwan,Tosan,Evbuomwan,True
133,203957,Danté Exum,Danté,Exum,True
134,1642847,Jeremiah Fears,Jeremiah,Fears,True
135,1642271,Kyle Filipowski,Kyle,Filipowski,True
136,1627827,Dorian Finney-Smith,Dorian,Finney-Smith,True
137,1642843,Cooper Flagg,Cooper,Flagg,True
138,1642853,Rasheer Fleming,Rasheer,Fleming,True
139,1642280,Trentyn Flowers,Trentyn,Flowers,True
140,1631323,Simone Fontecchio,Simone,Fontecchio,True
141,1628368,De'Aaron Fox,De'Aaron,Fox,True
142,1642402,Enrique Freeman,Enrique,Freeman,True
143,1642277,Johnny Furphy,Johnny,Furphy,True
144,1629655,Daniel Gafford,Daniel,Gafford,True
145,1642066,Myron Gardner,Myron,Gardner,True
146,1629636,Darius Garland,Darius,Garland,True
147,1630568,Luka Garza,Luka,Garza,True
148,1641718,Keyonte George,Keyonte,George,True
149,1642273,Kyshawn George,Kyshawn,George,True
150,202331,Paul George,Paul,George,True
151,1630581,Josh Giddey,Josh,Giddey,True
152,1628983,Shai Gilgeous-Alexander,Shai,Gilgeous-Alexander,True
153,1630264,Anthony Gill,Anthony,Gill,True
154,1631221,Collin Gillespie,Collin,Gillespie,True
155,203497,Rudy Gobert,Rudy,Gobert,True
156,1642884,Vladislav Goldin,Vladislav,Goldin,True
157,1642864,Hugo González,Hugo,González,True
158,1630692,Jordan Goodwin,Jordan,Goodwin,True
159,203932,Aaron Gordon,Aaron,Gordon,True
160,201569,Eric Gordon,Eric,Gordon,True
161,203924,Jerami Grant,Jerami,Grant,True
162,1631260,AJ Green,AJ,Green,True
163,203110,Draymond Green,Draymond,Green,True
164,1630224,Jalen Green,Jalen,Green,True
165,1629750,Javonte Green,Javonte,Green,True
166,201145,Jeff Green,Jeff,Green,True
167,1630182,Josh Green,Josh,Green,True
168,1629656,Quentin Grimes,Quentin,Grimes,True
169,1631243,Mouhamed Gueye,Mouhamed,Gueye,True
170,1629060,Rui Hachimura,Rui,Hachimura,True
171,1630169,Tyrese Haliburton,Tyrese,Haliburton,True
172,1641790,PJ Hall,PJ,Hall,True
173,203501,Tim Hardaway Jr.,Tim,Hardaway Jr.,True
174,201935,James Harden,James,Harden,True
175,1630702,Jaden Hardy,Jaden,Hardy,True
176,1641989,Elijah Harkless,Elijah,Harkless,True
177,1642844,Dylan Harper,Dylan,Harper,True
178,1631199,Ron Harper Jr.,Ron,Harper Jr.,True
179,203914,Gary Harris,Gary,Harris,True
180,1630284,Kevon Harris,Kevon,Harris,True
181,202699,Tobias Harris,Tobias,Harris,True
182,1628404,Josh Hart,Josh,Hart,True
183,1628392,Isaiah Hartenstein,Isaiah,Hartenstein,True
184,1630573,Sam Hauser,Sam,Hauser,True
185,1641722,Jordan Hawkins,Jordan,Hawkins,True
186,1629637,Jaxson Hayes,Jaxson,Hayes,True
187,1628502,Nigel Hayes-Davis,Nigel,Hayes-Davis,True
188,1630703,Scoot Henderson,Scoot,Henderson,True
189,1641707,Taylor Hendricks,Taylor,Hendricks,True
190,1642935,Chucky Hepburn,Chucky,Hepburn,True
191,1629639,Tyler Herro,Tyler,Herro,True
192,1627741,Buddy Hield,Buddy,Hield,True
193,1629312,Haywood Highsmith,Haywood,Highsmith,True
194,1628988,Aaron Holiday,Aaron,Holiday,True
195,201950,Jrue Holiday,Jrue,Holiday,True
196,1641842,Ronald Holland II,Ronald,Holland II,True
197,1641747,DaRon Holmes II,DaRon,Holmes II,True
198,1631096,Chet Holmgren,Chet,Holmgren,True
199,201143,Al Horford,Al,Horford,True
200,1631216,Caleb Houstan,Caleb,Houstan,True
201,1641724,Jett Howard,Jett,Howard,True
202,1628989,Kevin Huerter,Kevin,Huerter,True
203,1630643,Jay Huff,Jay,Huff,True
204,1630574,Ariel Hukporti,Ariel,Hukporti,True
205,1629631,De'Andre Hunter,De'Andre,Hunter,True
206,1643047,CJ Huntley,CJ,Huntley,True
207,1630538,Bones Hyland,Bones,Hyland,True
208,1642345,Oso Ighodaro,Oso,Ighodaro,True
209,204060,Joe Ingles,Joe,Ingles,True
210,1627742,Brandon Ingram,Brandon,Ingram,True
211,1631127,Harrison Ingram,Harrison,Ingram,True
212,202681,Kyrie Irving,Kyrie,Irving,True
213,1628371,Jonathan Isaac,Jonathan,Isaac,True
214,1631093,Jaden Ivey,Jaden,Ivey,True
215,1641713,GG Jackson,GG,Jackson,True
216,1630543,Isaiah Jackson,Isaiah,Jackson,True
217,1631245,Quenton Jackson,Quenton,Jackson,True
218,1641748,Andre Jackson Jr.,Andre,Jackson Jr.,True
219,1628991,Jaren Jackson Jr.,Jaren,Jackson Jr.,True
220,1631218,Trayce Jackson-Davis,Trayce,Jackson-Davis,True
221,1642857,Kasparas Jakučionis,Kasparas,Jakučionis,True
222,1642355,Bronny James,Bronny,James,True
223,2544,LeBron James,LeBron,James,True
224,1642883,Sion James,Sion,James,True
225,1631170,Jaime Jaquez Jr.,Jaime,Jaquez Jr.,True
226,1641998,Trey Jemison III,Trey,Jemison III,True
227,1642450,Daniss Jenkins,Daniss,Jenkins,True
228,1629660,Ty Jerome,Ty,Jerome,True
229,1630198,Isaiah Joe,Isaiah,Joe,True
230,1642358,AJ Johnson,AJ,Johnson,True
231,1629661,Cameron Johnson,Cameron,Johnson,True
232,1630552,Jalen Johnson,Jalen,Johnson,True
233,1629640,Keldon Johnson,Keldon,Johnson,True
234,1642352,Keshad Johnson,Keshad,Johnson,True
235,1642848,Tre Johnson,Tre,Johnson,True
236,203999,Nikola Jokić,Nikola,Jokić,True
237,1641732,Colby Jones,Colby,Jones,True
238,1642938,Curtis Jones,Curtis,Jones,True
239,1630529,Herbert Jones,Herbert,Jones,True
240,1642403,Isaac Jones,Isaac,Jones,True
241,1642880,Kam Jones,Kam,Jones,True
242,1642461,Spencer Jones,Spencer,Jones,True
243,1630200,Tre Jones,Tre,Jones,True
244,1626145,Tyus Jones,Tyus,Jones,True
245,1642357,David Jones Garcia,David,Jones Garcia,True
246,1627884,Derrick Jones Jr.,Derrick,Jones Jr.,True
247,201599,DeAndre Jordan,DeAndre,Jordan,True
248,1631107,Nikola Jović,Nikola,Jović,True
249,1630548,Johnny Juzang,Johnny,Juzang,True
250,1641750,Ryan Kalkbrenner,Ryan,Kalkbrenner,True
251,1642939,Miles Kelly,Miles,Kelly,True
252,1628379,Luke Kennard,Luke,Kennard,True
253,1631117,Walker Kessler,Walker,Kessler,True
254,1630557,Corey Kispert,Corey,Kispert,True
255,1628467,Maxi Kleber,Maxi,Kleber,True
256,1641752,Bobi Klintman,Bobi,Klintman,True
257,1642261,Dalton Knecht,Dalton,Knecht,True
258,1642851,Kon Knueppel,Kon,Knueppel,True
259,1642278,Tyler Kolek,Tyler,Kolek,True
260,1631132,Christian Koloko,Christian,Koloko,True
261,1629723,John Konchar,John,Konchar,True
262,1628436,Luke Kornet,Luke,Kornet,True
263,1630249,Vít Krejčí,Vít,Krejčí,True
264,1630228,Jonathan Kuminga,Jonathan,Kuminga,True
265,1628398,Kyle Kuzma,Kyle,Kuzma,True
266,1631222,Jake LaRavia,Jake,LaRavia,True
267,203897,Zach LaVine,Zach,LaVine,True
268,1629111,Jock Landale,Jock,Landale,True
269,1642404,Chaz Lanier,Chaz,Lanier,True
270,1641796,Pelle Larsson,Pelle,Larsson,True
271,1630639,A.J. Lawson,A.J.,Lawson,True
272,1627747,Caris LeVert,Caris,LeVert,True
273,202695,Kawhi Leonard,Kawhi,Leonard,True
274,1630604,E.J. Liddell,E.J.,Liddell,True
275,203081,Damian Lillard,Damian,Lillard,True
276,1641726,Dereck Lively II,Dereck,Lively II,True
277,1630587,Isaiah Livers,Isaiah,Livers,True
278,1641753,Chris Livingston,Chris,Livingston,True
279,1626172,Kevon Looney,Kevon,Looney,True
280,201572,Brook Lopez,Brook,Lopez,True
281,1631126,Caleb Love,Caleb,Love,True
282,201567,Kevin Love,Kevin,Love,True
283,200768,Kyle Lowry,Kyle,Lowry,True
284,1642863,Khaman Maluach,Khaman,Maluach,True
285,1630572,Sandro Mamukelashvili,Sandro,Mamukelashvili,True
286,1629611,Terance Mann,Terance,Mann,True
287,1630544,Tre Mann,Tre,Mann,True
288,1628374,Lauri Markkanen,Lauri,Markkanen,True
289,1630230,Naji Marshall,Naji,Marshall,True
290,1642918,Alijah Martin,Alijah,Martin,True
291,1628997,Caleb Martin,Caleb,Martin,True
292,1628998,Cody Martin,Cody,Martin,True
293,1631213,Tyrese Martin,Tyrese,Martin,True
294,1631097,Bennedict Mathurin,Bennedict,Mathurin,True
295,1631255,Karlo Matković,Karlo,Matković,True
296,1630178,Tyrese Maxey,Tyrese,Maxey,True
297,1643024,Chris Mañon,Chris,Mañon,True
298,1630540,Miles McBride,Miles,McBride,True
299,1642272,Jared McCain,Jared,McCain,True
300,1630644,Mac McClung,Mac,McClung,True
301,203468,CJ McCollum,CJ,McCollum,True
302,204456,T.J. McConnell,T.J.,McConnell,True
303,1641755,Kevin McCullar Jr.,Kevin,McCullar Jr.,True
304,1630183,Jaden McDaniels,Jaden,McDaniels,True
305,203926,Doug McDermott,Doug,McDermott,True
306,1631121,Bryce McGowens,Bryce,McGowens,True
307,1629162,Jordan McLaughlin,Jordan,McLaughlin,True
308,1642862,Liam McNeeley,Liam,McNeeley,True
309,1629001,De'Anthony Melton,De'Anthony,Melton,True
310,1630241,Sam Merrill,Sam,Merrill,True
311,203114,Khris Middleton,Khris,Middleton,True
312,1641706,Brandon Miller,Brandon,Miller,True
313,1641801,Emanuel Miller,Emanuel,Miller,True
314,1641757,Jordan Miller,Jordan,Miller,True
315,1631159,Leonard Miller,Leonard,Miller,True
316,1642434,Riley Minix,Riley,Minix,True
317,1631169,Josh Minott,Josh,Minott,True
318,1642274,Yves Missi,Yves,Missi,True
319,1642349,Ajay Mitchell,Ajay,Mitchell,True
320,1630558,Davion Mitchell,Davion,Mitchell,True
321,1628378,Donovan Mitchell,Donovan,Mitchell,True
322,1630596,Evan Mobley,Evan,Mobley,True
323,1642367,Jonathan Mogbo,Jonathan,Mogbo,True
324,1628370,Malik Monk,Malik,Monk,True
325,1630541,Moses Moody,Moses,Moody,True
326,1631111,Wendell Moore Jr.,Wendell,Moore Jr.,True
327,1629630,Ja Morant,Ja,Morant,True
328,1628420,Monté Morris,Monté,Morris,True
329,1630530,Trey Murphy III,Trey,Murphy III,True
330,1627749,Dejounte Murray,Dejounte,Murray,True
331,1627750,Jamal Murray,Jamal,Murray,True
332,1631099,Keegan Murray,Keegan,Murray,True
333,1631200,Kris Murray,Kris,Murray,True
334,1642867,Collin Murray-Boyles,Collin,Murray-Boyles,True
335,1629004,Svi Mykhailiuk,Svi,Mykhailiuk,True
336,1631250,Pete Nance,Pete,Nance,True
337,1626204,Larry Nance Jr.,Larry,Nance Jr.,True
338,1642947,Eli John Ndiaye,Eli John,Ndiaye,True
339,1629614,Andrew Nembhard,Andrew,Nembhard,True
340,1642948,Ryan Nembhard,Ryan,Nembhard,True
341,1630174,Aaron Nesmith,Aaron,Nesmith,True
342,1642854,Asa Newell,Asa,Newell,True
343,1627777,Georges Niang,Georges,Niang,True
344,1642949,Yanic Konan Niederhäuser,Yanic Konan,Niederhäuser,True
345,1630192,Zeke Nnaji,Zeke,Nnaji,True
346,203994,Jusuf Nurkić,Jusuf,Nurkić,True
347,1626220,Royce O'Neale,Royce,O'Neale,True
348,1629006,Josh Okogie,Josh,Okogie,True
349,1630168,Onyeka Okongwu,Onyeka,Okongwu,True
350,1630171,Isaac Okoro,Isaac,Okoro,True
351,1642950,Lachlan Olbrich,Lachlan,Olbrich,True
352,203482,Kelly Olynyk,Kelly,Olynyk,True
353,1626162,Kelly Oubre Jr.,Kelly,Oubre Jr.,True
354,101108,Chris Paul,Chris,Paul,True
355,1627780,Gary Payton II,Gary,Payton II,True
356,1642877,Micah Peavy,Micah,Peavy,True
357,1642869,Noah Penda,Noah,Penda,True
358,1643007,Taelon Peter,Taelon,Peter,True
359,1641809,Drew Peterson,Drew,Peterson,True
360,1641763,Julian Phillips,Julian,Phillips,True
361,1629618,Jalen Pickett,Jalen,Pickett,True
362,1630590,Scotty Pippen Jr.,Scotty,Pippen Jr.,True
363,1631342,Daeqwon Plowden,Daeqwon,Plowden,True
364,203486,Mason Plumlee,Mason,Plumlee,True
365,1641764,Brandin Podziemski,Brandin,Podziemski,True
366,1627751,Jakob Poeltl,Jakob,Poeltl,True
367,1629673,Jordan Poole,Jordan,Poole,True
368,1641854,Craig Porter Jr.,Craig,Porter Jr.,True
369,1629645,Kevin Porter Jr.,Kevin,Porter Jr.,True
370,1629008,Michael Porter Jr.,Michael,Porter Jr.,True
371,1626171,Bobby Portis,Bobby,Portis,True
372,204001,Kristaps Porziņģis,Kristaps,Porziņģis,True
373,1642366,Quinten Post,Quinten,Post,True
374,1642962,Drake Powell,Drake,Powell,True
375,203939,Dwight Powell,Dwight,Powell,True
376,1626181,Norman Powell,Norman,Powell,True
377,1627752,Taurean Prince,Taurean,Prince,True
378,1630202,Payton Pritchard,Payton,Pritchard,True
379,1642878,Tyrese Proctor,Tyrese,Proctor,True
380,1641765,Olivier-Maxence Prosper,Olivier-Maxence,Prosper,True
381,1642852,Derik Queen,Derik,Queen,True
382,1629674,Neemias Queta,Neemias,Queta,True
383,1630193,Immanuel Quickley,Immanuel,Quickley,True
384,203944,Julius Randle,Julius,Randle,True
385,1642875,Maxime Raynaud,Maxime,Raynaud,True
386,1641871,Duop Reath,Duop,Reath,True
387,1630559,Austin Reaves,Austin,Reaves,True
388,1630194,Paul Reed,Paul,Reed,True
389,1641810,Antonio Reeves,Antonio,Reeves,True
390,1629675,Naz Reid,Naz,Reid,True
391,1642954,Will Richard,Will,Richard,True
392,1630208,Nick Richards,Nick,Richards,True
393,1642859,Jase Richardson,Jase,Richardson,True
394,1642860,Will Riley,Will,Riley,True
395,1642258,Zaccharie Risacher,Zaccharie,Risacher,True
396,1629130,Duncan Robinson,Duncan,Robinson,True
397,1629011,Mitchell Robinson,Mitchell,Robinson,True
398,1631115,Orlando Robinson,Orlando,Robinson,True
399,1630526,Jeremiah Robinson-Earl,Jeremiah,Robinson-Earl,True
400,1631157,Ryan Rollins,Ryan,Rollins,True
401,1642050,Jackson Rowe,Jackson,Rowe,True
402,1626179,Terry Rozier,Terry,Rozier,True
403,1641712,Rayan Rupert,Rayan,Rupert,True
404,1626156,D'Angelo Russell,D'Angelo,Russell,True
405,1627734,Domantas Sabonis,Domantas,Sabonis,True
406,1642275,Tidjane Salaün,Tidjane,Salaün,True
407,1642282,Hunter Sallis,Hunter,Sallis,True
408,1642920,Kobe Sanders,Kobe,Sanders,True
409,1630611,Gui Santos,Gui,Santos,True
410,1642879,Ben Saraf,Ben,Saraf,True
411,1642259,Alex Sarr,Alex,Sarr,True
412,1631204,Marcus Sasser,Marcus,Sasser,True
413,1631248,Baylor Scheierman,Baylor,Scheierman,True
414,203471,Dennis Schröder,Dennis,Schröder,True
415,1641813,Mark Sears,Mark,Sears,True
416,1630578,Alperen Sengun,Alperen,Sengun,True
417,1641729,Brice Sensabaugh,Brice,Sensabaugh,True
418,1629012,Collin Sexton,Collin,Sexton,True
419,1629013,Landry Shamet,Landry,Shamet,True
420,1630545,Terrence Shannon Jr.,Terrence,Shannon Jr.,True
421,1630549,Day'Ron Sharpe,Day'Ron,Sharpe,True
422,1631101,Shaedon Sharpe,Shaedon,Sharpe,True
423,1642347,Jamal Shead,Jamal,Shead,True
424,1641767,Ben Sheppard,Ben,Sheppard,True
425,1642263,Reed Sheppard,Reed,Sheppard,True
426,1642917,Max Shulga,Max,Shulga,True
427,1627783,Pascal Siakam,Pascal,Siakam,True
428,1629014,Anfernee Simons,Anfernee,Simons,True
429,1642354,KJ Simpson,KJ,Simpson,True
430,1630579,Jericho Sims,Jericho,Sims,True
431,1642914,Javon Small,Javon,Small,True
432,203935,Marcus Smart,Marcus,Smart,True
433,1630696,Dru Smith,Dru,Smith,True
434,1630188,Jalen Smith,Jalen,Smith,True
435,1642449,Tolu Smith,Tolu,Smith,True
436,1631095,Jabari Smith Jr.,Jabari,Smith Jr.,True
437,1641733,Nick Smith Jr.,Nick,Smith Jr.,True
438,1631110,Jeremy Sochan,Jeremy,Sochan,True
439,1642850,Thomas Sorber,Thomas,Sorber,True
440,1642285,Cam Spencer,Cam,Spencer,True
441,1630311,Pat Spencer,Pat,Spencer,True
442,1641815,Isaiah Stevens,Isaiah,Stevens,True
443,1630191,Isaiah Stewart,Isaiah,Stewart,True
444,1631124,Julian Strawther,Julian,Strawther,True
445,1629622,Max Strus,Max,Strus,True
446,1630591,Jalen Suggs,Jalen,Suggs,True
447,1630256,Jae'Sean Tate,Jae'Sean,Tate,True
448,1628369,Jayson Tatum,Jayson,Tatum,True
449,1643141,Jahmyl Telfort,Jahmyl,Telfort,True
450,202066,Garrett Temple,Garrett,Temple,True
451,1631207,Dalen Terry,Dalen,Terry,True
452,1642876,Adou Thiero,Adou,Thiero,True
453,1630560,Cam Thomas,Cam,Thomas,True
454,1641708,Amen Thompson,Amen,Thompson,True
455,1641709,Ausar Thompson,Ausar,Thompson,True
456,202691,Klay Thompson,Klay,Thompson,True
457,1629680,Matisse Thybulle,Matisse,Thybulle,True
458,1630214,Xavier Tillman,Xavier,Tillman,True
459,1641772,Nae'Qwan Tomlin,Nae'Qwan,Tomlin,True
460,1642910,John Tonje,John,Tonje,True
461,1642893,Alex Toohey,Alex,Toohey,True
462,1642260,Nikola Topić,Nikola,Topić,True
463,1631210,Jacob Toppin,Jacob,Toppin,True
464,1630167,Obi Toppin,Obi,Toppin,True
465,1626157,Karl-Anthony Towns,Karl-Anthony,Towns,True
466,1642849,Nolan Traore,Nolan,Traore,True
467,1631247,Luke Travers,Luke,Travers,True
468,1629018,Gary Trent Jr.,Gary,Trent Jr.,True
469,1631131,Oscar Tshiebwe,Oscar,Tshiebwe,True
470,1626167,Myles Turner,Myles,Turner,True
471,1641816,Hunter Tyson,Hunter,Tyson,True
472,1642281,Jaylon Tyson,Jaylon,Tyson,True
473,202685,Jonas Valančiūnas,Jonas,Valančiūnas,True
474,1627832,Fred VanVleet,Fred,VanVleet,True
475,1629020,Jarred Vanderbilt,Jarred,Vanderbilt,True
476,1630170,Devin Vassell,Devin,Vassell,True
477,1629216,Gabe Vincent,Gabe,Vincent,True
478,1641774,Tristan Vukcevic,Tristan,Vukcevic,True
479,202696,Nikola Vučević,Nikola,Vučević,True
480,1629731,Dean Wade,Dean,Wade,True
481,1630532,Franz Wagner,Franz,Wagner,True
482,1629021,Moritz Wagner,Moritz,Wagner,True
483,1631133,Jabari Walker,Jabari,Walker,True
484,1641716,Jarace Walker,Jarace,Walker,True
485,1641717,Cason Wallace,Cason,Wallace,True
486,1630811,Keaton Wallace,Keaton,Wallace,True
487,1641775,Jordan Walsh,Jordan,Walsh,True
488,1642266,Ja'Kobe Walter,Ja'Kobe,Walter,True
489,1642276,Kel'el Ware,Kel'el,Ware,True
490,1629023,P.J. Washington,P.J.,Washington,True
491,1630322,Lindy Waters III,Lindy,Waters III,True
492,1630570,Trendon Watford,Trendon,Watford,True
493,1642364,Jamir Watkins,Jamir,Watkins,True
494,1631212,Peyton Watson,Peyton,Watson,True
495,1642377,Jaylen Wells,Jaylen,Wells,True
496,1641705,Victor Wembanyama,Victor,Wembanyama,True
497,1631104,Blake Wesley,Blake,Wesley,True
498,201566,Russell Westbrook,Russell,Westbrook,True
499,1629632,Coby White,Coby,White,True
500,1628401,Derrick White,Derrick,White,True
501,1641715,Cam Whitmore,Cam,Whitmore,True
502,1630598,Aaron Wiggins,Aaron,Wiggins,True
503,203952,Andrew Wiggins,Andrew,Wiggins,True
504,1642873,Amari Williams,Amari,Williams,True
505,1630314,Brandon Williams,Brandon,Williams,True
506,1642262,Cody Williams,Cody,Williams,True
507,1629684,Grant Williams,Grant,Williams,True
508,1631114,Jalen Williams,Jalen,Williams,True
509,1631119,Jaylin Williams,Jaylin,Williams,True
510,1629026,Kenrich Williams,Kenrich,Williams,True
511,1631109,Mark Williams,Mark,Williams,True
512,1630172,Patrick Williams,Patrick,Williams,True
513,1630533,Ziaire Williams,Ziaire,Williams,True
514,1629057,Robert Williams III,Robert,Williams III,True
515,1631246,Vince Williams Jr.,Vince,Williams Jr.,True
516,1629627,Zion Williamson,Zion,Williamson,True
517,1630592,Jalen Wilson,Jalen,Wilson,True
518,1630164,James Wiseman,James,Wiseman,True
519,1642874,Danny Wolf,Danny,Wolf,True
520,1627824,Guerschon Yabusele,Guerschon,Yabusele,True
521,1642905,Yang Hansen,,Yang Hansen,True
522,1642443,Jahmir Young,Jahmir,Young,True
523,1629027,Trae Young,Trae,Young,True
524,1642959,Chris Youngblood,Chris,Youngblood,True
525,1642911,Rocco Zikarsky,Rocco,Zikarsky,True
526,1627826,Ivica Zubac,Ivica,Zubac,True
527,1641783,Tristan da Silva,Tristan,da Silva,True
528,1642365,Nikola Đurišić,Nikola,Đurišić,True
529,203967,Dario Šarić,Dario,Šarić,True
